contact_id,first_name,last_name,email,phone,job_title,company_id
1,Janet,Fuller,tmcdowell@example.org,488.383.0598,RevOps Manager,3
2,Jessica,Juarez,zsexton@example.net,459.288.6848x42525,CEO,26
3,Stephanie,Anderson,jason85@example.net,(521)253-1858x006,VP Sales,31
4,Darlene,Daniels,weissashley@example.org,(520)298-1113x45028,VP Sales,47
5,Cheryl,Hernandez,uskinner@example.com,+1-515-214-6787x4593,CEO,13
6,Bonnie,Allen,jennifer26@example.net,324.983.3175,CEO,13
7,Tanya,Beard,beckyalexander@example.com,001-726-865-2864x314,CEO,24
8,Michelle,Waters,barbara38@example.org,805-495-9005x8418,VP Sales,37
9,Casey,Jenkins,walkerheather@example.org,490.553.9442,CEO,41
10,Kristin,Stewart,brendasmith@example.net,2328505901,CEO,29
11,Nicholas,Moore,barnesjulia@example.org,001-284-542-6312,RevOps Manager,13
12,Edwin,Goodman,ferrelleric@example.org,790.777.6354x78613,CEO,34
13,Michael,Ford,amanda97@example.net,846.539.9636x51786,CEO,37
14,Derrick,Cook,astone@example.net,+1-856-538-4182x553,CRO,32
15,Christine,Wallace,nfranklin@example.net,405-573-1310x340,CEO,39
16,Michael,Bird,brendajackson@example.net,638.541.0565x4944,CRO,15
17,Gregory,Collins,madeline55@example.net,988.278.0406,CEO,23
18,Matthew,Day,brycemartinez@example.net,720-298-0350x5892,CEO,50
19,Tara,Davis,qgonzalez@example.com,929.339.2608,CRO,30
20,Matthew,Bender,kashley@example.net,001-573-425-7375x51067,CEO,20
21,Angela,Drake,nicole36@example.org,636.611.3806x802,VP Sales,13
22,Cody,Watson,campbellnatalie@example.net,+1-591-817-2285x5989,Marketing Director,31
23,Barbara,Zamora,jimenezrobert@example.net,310.770.4686,Marketing Director,45
24,Aaron,Kline,bryan74@example.net,+1-303-627-7323x7666,CEO,9
25,Kevin,Fischer,gbrown@example.org,958-802-9488x69228,RevOps Manager,50
26,Ryan,Solomon,karenjordan@example.com,325.663.7916x063,VP Sales,16
27,Jason,Peterson,pramirez@example.org,732-610-6962x345,Marketing Director,15
28,Shannon,Sandoval,davidlopez@example.net,274-533-8738x873,Marketing Director,43
29,Cheryl,Allen,perry55@example.org,(914)656-6825x58309,VP Sales,50
30,William,Barrera,teresaboyle@example.com,(380)566-7800x219,VP Sales,25
31,Lisa,Cox,nicholasmartinez@example.org,256.978.0368,VP Sales,4
32,Heather,Green,stevensmario@example.net,612.542.7627x105,VP Sales,11
33,Melinda,Newman,kmiles@example.net,001-229-847-8794,VP Sales,18
34,Wendy,Clay,christina05@example.org,001-251-591-2724,CEO,34
35,Alyssa,Aguirre,melinda22@example.org,(616)941-7692,CEO,5
36,Cassandra,Kramer,gmosley@example.org,+1-616-250-1832x257,Marketing Director,14
37,Madison,White,edrake@example.com,001-714-485-4704,Marketing Director,18
38,Tracy,Mendez,juarezsara@example.org,+1-694-735-6193x7657,RevOps Manager,4
39,William,Page,kayla69@example.org,+1-900-572-8902x1110,CRO,16
40,Benjamin,Mccann,byrdkarla@example.com,(579)289-8684x43719,Marketing Director,42
41,Sarah,Swanson,jessemiller@example.org,429-562-2111x4820,Marketing Director,34
42,Stephen,Garcia,pacehenry@example.com,001-707-313-4125x88414,CEO,6
43,Joshua,Harmon,gregory33@example.net,+1-563-962-8853x89315,CEO,42
44,Dawn,Collins,simpsonandrew@example.org,001-815-694-7283x08610,Marketing Director,50
45,Donna,Padilla,stevenknapp@example.org,279.390.7736,RevOps Manager,7
46,Robert,Tyler,mreed@example.net,001-276-420-8197x621,VP Sales,17
47,Kenneth,Chambers,pedroclayton@example.com,+1-763-699-3755,Marketing Director,37
48,Monica,Pham,gibsonmaria@example.net,913.611.3980x886,CEO,34
49,Kari,Robles,tmartinez@example.net,465.740.0763x87666,Marketing Director,29
50,Elizabeth,Snyder,jessicawise@example.com,+1-465-421-6896x310,VP Sales,41
51,Jocelyn,Morales,acurry@example.com,+1-378-479-1395x249,VP Sales,34
52,Carla,Burton,doylelauren@example.net,+1-653-344-4225x0318,CRO,36
53,Stephanie,Lopez,simschristina@example.net,766-561-2716,VP Sales,6
54,Cory,Martinez,rmann@example.com,422.877.8993x856,CRO,26
55,Christopher,Gutierrez,stewartrobert@example.net,(422)652-2013x526,RevOps Manager,20
56,Ashley,Rhodes,mercedesmooney@example.org,494.378.3811,CRO,20
57,Lee,Lee,michelle06@example.org,470.386.8246,CEO,14
58,Jeffrey,Jacobs,munozmakayla@example.org,281.240.5189,Marketing Director,32
59,Lisa,Wilson,patrickbarajas@example.net,358-226-4561,Marketing Director,41
60,Andrew,Brady,anthony33@example.net,+1-527-521-6670,CRO,27
61,Richard,Brown,hensondillon@example.org,(974)858-0554,Marketing Director,12
62,Jonathan,Becker,blake49@example.org,944-262-3353x90472,CRO,32
63,Colleen,Garner,victoriarichardson@example.org,497.462.5953x0403,RevOps Manager,42
64,Oscar,Smith,michaela74@example.org,(926)528-4922,Marketing Director,42
65,Anthony,Gross,sergiozimmerman@example.net,528-697-7279,CRO,30
66,Raymond,Gibson,david05@example.net,373-301-4354,CEO,50
67,Kyle,Hernandez,jackie31@example.net,001-919-621-9024x44368,CEO,14
68,Taylor,Frey,courtneymccarty@example.org,351.333.8084x713,CEO,3
69,Sherri,Austin,nicolefoster@example.org,749-581-0636,VP Sales,4
70,Sarah,Farrell,leslieyoder@example.org,276-258-0719x941,VP Sales,3
71,Kayla,Mathews,vmckinney@example.net,528.929.2769x028,RevOps Manager,41
72,Brian,Parker,annette88@example.com,845-926-8779,RevOps Manager,11
73,Jesus,Combs,kendrabruce@example.com,+1-747-373-6989x79659,RevOps Manager,40
74,Jennifer,Leach,ilopez@example.net,270-360-8220,CRO,50
75,Rachel,Price,robleskenneth@example.com,(871)443-3589,CRO,30
76,Eileen,Carpenter,shawn29@example.org,+1-559-543-6731x3281,Marketing Director,48
77,Cassandra,Perez,kara54@example.com,774-286-4403,Marketing Director,5
78,Jasmine,Tyler,jenningsrobert@example.org,655.756.0468x09267,CRO,16
79,Richard,Wright,pmartin@example.org,(755)420-4327x0695,Marketing Director,44
80,Teresa,Robinson,johnskeith@example.com,934.895.7771,RevOps Manager,24
81,Helen,Matthews,knightjeremy@example.com,829.952.8169x742,VP Sales,14
82,Debbie,Perez,susanhughes@example.org,456.894.8317,CEO,7
83,Nathan,Mcdaniel,milesjamie@example.com,001-720-358-3178x0392,CEO,1
84,Eddie,Edwards,boydraymond@example.com,001-227-589-6518x943,Marketing Director,29
85,Madison,Davis,jennifer37@example.org,+1-506-722-0499x04716,CEO,23
86,Corey,Conley,bautistamichelle@example.com,+1-288-774-7235x802,Marketing Director,9
87,Kaitlyn,Ramirez,upruitt@example.com,409-436-2468x025,CRO,37
88,Wesley,Mora,patrick74@example.net,+1-884-789-2926,Marketing Director,44
89,Jennifer,Alvarado,ryansanders@example.net,001-473-615-2127x6605,CRO,30
90,Tammy,Fleming,wchurch@example.net,848.305.5416x19198,CEO,16
91,Oscar,Baker,gonzalezdiane@example.org,223-687-5992x300,Marketing Director,37
92,Cesar,Stephens,jacqueline84@example.com,001-901-689-1556,VP Sales,46
93,Brian,Davis,shill@example.com,(561)602-8770x652,CRO,19
94,Todd,Jones,amber46@example.org,(389)609-9544,CEO,5
95,Victoria,Diaz,tcollins@example.org,+1-858-203-2724x07352,VP Sales,39
96,Kevin,George,yramsey@example.org,(778)268-3330x8043,CRO,11
97,Timothy,Wilson,alexanderweaver@example.net,+1-322-411-0897x540,Marketing Director,28
98,Terrence,Diaz,davidpowell@example.net,(945)993-3400x7135,CRO,15
99,Amanda,Malone,jeffrey94@example.com,+1-589-268-9687x80424,VP Sales,33
100,Lisa,Kelly,hancockpatrick@example.com,+1-441-794-8584,RevOps Manager,25
101,Rebecca,Castro,stanleyjimmy@example.org,001-753-790-8869x769,CRO,14
102,Steven,Le,melissaanderson@example.com,718.774.4886x024,CEO,46
103,Veronica,Williams,milleramber@example.net,(740)973-2622x50335,CRO,27
104,Stacy,Martin,brandonmarshall@example.net,(576)613-2618x32033,RevOps Manager,4
105,Amanda,Carroll,mikesummers@example.com,001-860-325-3848x4163,Marketing Director,47
106,Emily,Thomas,rachel47@example.org,586.952.2941,CEO,5
107,Angela,Gonzales,lblackwell@example.net,001-638-837-3062x10093,Marketing Director,14
108,Sean,Schaefer,tiffanylowery@example.com,+1-284-908-5287x679,CRO,49
109,Tyler,Olson,ronnie74@example.org,(703)495-0559,CRO,6
110,Deanna,Smith,bthompson@example.net,001-346-890-1310x5887,CRO,27
111,Brett,Mcdowell,bryan47@example.org,617-425-0788x72324,RevOps Manager,30
112,Kristen,Herman,hbullock@example.com,+1-261-606-5474,VP Sales,34
113,Kathleen,Gordon,andreagray@example.com,001-539-429-7019x847,CRO,11
114,Christopher,Howard,alvarezjacqueline@example.net,4154998234,VP Sales,18
115,Nicole,Sharp,pwhite@example.org,700-648-8570,CRO,34
116,Lauren,Krause,greenselena@example.net,+1-927-937-2915x4958,CEO,16
117,Latasha,Shepard,qjohnson@example.org,001-258-604-8661x940,CEO,8
118,Alicia,Jennings,chadmcguire@example.org,001-890-798-7391x870,Marketing Director,44
119,Jonathan,Campbell,jason64@example.com,001-501-898-1530,VP Sales,50
120,Jason,Anderson,oliviaramirez@example.org,936-327-5045x684,RevOps Manager,50
121,Robert,Barnett,samanthaklein@example.org,001-867-337-4682x4654,CRO,12
122,Derrick,Mitchell,johnnyjensen@example.com,335.826.4863,RevOps Manager,2
123,Ashley,Holland,jkoch@example.net,001-220-901-2515x690,Marketing Director,22
124,Dale,Avery,mlara@example.com,468.349.7529,CRO,13
125,Jeremy,Vincent,mmack@example.net,(611)297-3699,VP Sales,40
126,Peter,Cohen,cynthia19@example.org,(462)869-0051,CEO,29
127,Matthew,Mckay,ohinton@example.org,8864941742,Marketing Director,8
128,Jasmine,Mayo,dawnpearson@example.org,306-480-3342,Marketing Director,19
129,Sandra,Martin,billylowe@example.net,+1-833-860-1038x965,CEO,12
130,David,Martin,ashley22@example.org,6302475871,CRO,18
131,Jason,Werner,hamptoneric@example.net,(982)284-2728x7606,CRO,37
132,John,Smith,matthew93@example.org,001-519-362-0159x877,Marketing Director,20
133,Joseph,Bradley,josephvasquez@example.net,001-411-585-4935x623,CEO,4
134,Rachel,Garcia,cynthia58@example.net,627-783-1974,VP Sales,12
135,Linda,Nash,blackjennifer@example.org,609-271-0705x4709,RevOps Manager,4
136,Donna,Santiago,frobinson@example.com,365.378.6633x202,CEO,21
137,Andres,Hill,john37@example.org,279.249.3133x89446,Marketing Director,45
138,Ashley,Bradley,morrisstephen@example.com,(888)770-0050x0439,Marketing Director,21
139,Kenneth,Evans,richardsonjuan@example.org,+1-224-584-4227x627,CEO,39
140,Maria,Moyer,campbellsylvia@example.net,8195820780,RevOps Manager,38
141,Austin,James,wilsonlisa@example.net,+1-860-291-0874x3801,RevOps Manager,8
142,Matthew,Crawford,derek62@example.org,(533)682-2278x662,Marketing Director,48
143,Robert,Simmons,smithbrian@example.net,(413)874-8294x37426,RevOps Manager,11
144,Susan,Villarreal,anthonymora@example.org,(529)702-6905x9185,RevOps Manager,35
145,Destiny,Fleming,burtonjennifer@example.com,966.751.6447x37667,Marketing Director,33
146,Thomas,Warren,xcook@example.com,001-897-760-6228x9707,RevOps Manager,21
147,Marcus,Taylor,edward64@example.org,213-969-6158x8504,VP Sales,4
148,Andrew,Woods,astark@example.com,(465)261-6584x088,CRO,12
149,Daniel,Levy,gtorres@example.com,644.558.3818x8637,CEO,45
150,Matthew,Peters,uhansen@example.net,+1-848-275-9832x8591,CRO,21
151,Amber,Coleman,david84@example.org,490-952-4367,Marketing Director,42
152,Stephanie,Heath,ramirezbenjamin@example.net,206-842-8406x78017,Marketing Director,30
153,Nicholas,Cline,kgriffin@example.org,(571)397-0920x682,RevOps Manager,27
154,Tammy,Wade,jbartlett@example.com,503.938.4836x20878,Marketing Director,24
155,Robert,Martinez,dianatorres@example.com,207.233.3922x247,RevOps Manager,34
156,Matthew,Mitchell,grantbrandi@example.net,+1-405-479-7019x978,Marketing Director,50
157,Tonya,Porter,mgarcia@example.net,968.667.3954x029,CRO,23
158,Kelly,Marsh,joshua25@example.org,(806)642-8867x81040,CEO,42
159,Ashley,Mckee,julieflores@example.net,001-614-632-9015,CEO,38
160,Jasmine,Mcdonald,rachel00@example.com,764-567-2641x4555,Marketing Director,14
161,Anna,King,michele99@example.org,8953092317,Marketing Director,38
162,John,Little,robin15@example.net,264.592.3780,Marketing Director,33
163,Austin,Williams,nbailey@example.org,001-514-951-9720x540,RevOps Manager,3
164,Tyler,Adams,martingregory@example.com,841.221.5240,CEO,4
165,Christopher,Brown,hannah23@example.org,001-971-826-4526x69522,CEO,15
166,Susan,Moon,christine87@example.com,(737)219-1434,Marketing Director,21
167,Christian,Harrison,elliottcarrie@example.com,(961)203-0842x2488,RevOps Manager,46
168,Marcus,Anderson,zbonilla@example.org,8829290218,CEO,14
169,Ryan,Roberts,angela32@example.com,+1-840-580-3942,Marketing Director,19
170,Julian,Taylor,james95@example.net,001-548-307-4219,CRO,16
171,Kyle,Romero,howardstephanie@example.com,527.631.1960,RevOps Manager,18
172,Emily,Steele,timothy79@example.org,001-927-963-2710,VP Sales,38
173,Gregory,Griffith,laura32@example.net,(740)610-1188x3581,CEO,31
174,Omar,Wolf,millerlauren@example.com,+1-935-610-1673x534,CEO,25
175,Sylvia,Knight,williamslinda@example.com,(249)486-7418x77284,RevOps Manager,49
176,Michael,Ramirez,david65@example.com,800-472-2917,Marketing Director,46
177,Christina,Bradley,donaldbrown@example.net,(374)942-3942,RevOps Manager,32
178,Matthew,Allen,joseph90@example.org,+1-596-577-1998x945,Marketing Director,46
179,Jason,Carroll,susan74@example.net,(429)739-9203,CRO,9
180,Dennis,Wright,barnettnicholas@example.net,246-643-1271x6826,RevOps Manager,37
181,Brent,Keller,anna45@example.net,001-763-739-0319,CRO,18
182,Rebecca,Perez,kavery@example.org,(686)768-6925,RevOps Manager,33
183,Colleen,Smith,michaelsanchez@example.net,874-490-6093,VP Sales,43
184,Tracey,Flynn,khodges@example.org,001-651-977-4064x136,Marketing Director,40
185,Joseph,Wood,vfriedman@example.org,761.634.2476,VP Sales,4
186,Brady,Clark,mathewlee@example.org,001-725-771-2158x5191,Marketing Director,36
187,Laura,Cox,kimberly76@example.org,001-318-964-7170,RevOps Manager,1
188,Donna,Mayer,martinezdavid@example.net,265.538.8908x486,CRO,50
189,Kevin,Byrd,taylormatthew@example.net,(484)864-9742,CRO,23
190,Annette,Khan,jimenezjennifer@example.net,(652)350-3321,CEO,35
191,Jay,Smith,antonio05@example.net,(586)299-2490,CEO,26
192,Lee,Henry,andersonshelley@example.com,348.410.6843x168,VP Sales,38
193,Angela,Sanchez,hernandezmorgan@example.org,484-332-3834,VP Sales,48
194,John,Heath,edward36@example.org,(732)309-9657x679,Marketing Director,10
195,Michael,Bell,kimleah@example.net,965.266.0820x29844,RevOps Manager,6
196,Suzanne,Luna,sfields@example.com,001-438-285-1027x05418,CEO,20
197,Linda,Myers,edwardfleming@example.org,701-608-2621,CEO,34
198,Brittney,Vasquez,gholland@example.org,001-270-483-8296,Marketing Director,2
199,Jessica,Jennings,ustephens@example.net,+1-693-333-0525x629,Marketing Director,14
200,Angelica,Perez,wsmith@example.org,001-979-788-2220,Marketing Director,41
